Top pages,Clicks,Impressions,CTR,Position
https://viewora.software/,172,2735,6.29%,8.66
https://viewora.software/about,7,902,0.78%,3.96
https://viewora.software/virtual-tours-kenya,7,329,2.13%,5.68
https://viewora.software/pricing,5,592,0.84%,3.53
https://viewora.software/product,5,539,0.93%,6.13
https://viewora.software/virtual-tours-nairobi,5,93,5.38%,6.39
https://viewora.software/car-dealership-virtual-tours-kenya,4,80,5%,6.54
https://viewora.software/blog/best-airbnb-marketing-strategies-kenya,4,72,5.56%,10
https://viewora.software/virtual-tours-africa,4,69,5.8%,7.88
https://viewora.software/contact,3,272,1.1%,5.28
https://viewora.software/airbnb-photography-kenya,3,73,4.11%,5.47
https://viewora.software/faq,2,153,1.31%,4.17
https://viewora.software/school-virtual-tours-kenya,2,51,3.92%,10.92
https://viewora.software/virtual-tours-mombasa,2,21,9.52%,5.9
https://viewora.software/what-is-a-virtual-tour,1,384,0.26%,42.45
https://viewora.software/virtual-tour-software-kenya,1,279,0.36%,4.94
https://viewora.software/blog,1,129,0.78%,7.57
https://viewora.software/360-virtual-tour-software,1,106,0.94%,10.89
https://viewora.software/blog/how-virtual-tours-increase-airbnb-bookings,1,81,1.23%,6.93
https://viewora.software/virtual-tours-nakuru,1,58,1.72%,8.95
https://viewora.software/hotel-virtual-tours-kenya,1,41,2.44%,17.02
https://viewora.software/virtual-tours-east-africa,1,30,3.33%,10.47
https://viewora.software/airbnb-virtual-tours-kenya,1,27,3.7%,10.11
https://viewora.software/hospital-virtual-tours-kenya,1,15,6.67%,22.47
https://viewora.software/legal/refund,1,5,20%,20.8
https://viewora.software/glossary,0,186,0%,10.74
https://viewora.software/360-photography-service-kenya,0,149,0%,2.01
https://viewora.software/virtual-tours-vs-photos,0,149,0%,6.19
https://viewora.software/matterport-alternative,0,119,0%,28.61
https://viewora.software/real-estate-virtual-tours-kenya,0,117,0%,6.09
https://viewora.software/benefits-of-virtual-tours,0,99,0%,6.86
https://viewora.software/tourism-virtual-tours-kenya,0,84,0%,10.32
https://viewora.software/company,0,78,0%,5.44
https://viewora.software/blog/digital-marketing-real-estate-africa,0,56,0%,8.73
https://viewora.software/legal/terms,0,42,0%,7.4
https://viewora.software/virtual-tours-eldoret,0,40,0%,7.83
https://viewora.software/blog/do-virtual-tours-increase-bookings,0,37,0%,7.43
https://viewora.software/360-virtual-tour-africa,0,25,0%,8.36
https://viewora.software/gym-virtual-tours-kenya,0,20,0%,14.75
https://viewora.software/360-photography-mombasa,0,17,0%,10.06
https://viewora.software/legal/privacy,0,11,0%,16
https://viewora.software/virtual-tours-kisumu,0,9,0%,12.33