Top queries,Clicks,Impressions,CTR,Position
viewora,136,1386,9.81%,2.42
bit.ly/viewora,1,9,11.11%,1
which country is it from,1,1,100%,3
what is a virtual tour,0,71,0%,64.52
"""viewora""",0,65,0%,1.38
what is virtual tour,0,62,0%,56.16
remote property viewing software,0,41,0%,60.17
matterport alternative,0,40,0%,48.75
virtual showroom software,0,33,0%,52.85
what is a virtual tour software,0,19,0%,47.47
view software,0,19,0%,62.47
viewersora,0,17,0%,6.59
viewster,0,14,0%,59.43
views software,0,13,0%,65.77
what is a virtual tour?,0,13,0%,65.85
view by,0,11,0%,62.55
virtual tours meaning,0,10,0%,80.5
viewro,0,9,0%,8.67
45000/360,0,9,0%,31
viewabo,0,9,0%,63.67
virtual tour meaning,0,9,0%,68.56
what are virtual tours,0,9,0%,69
viewora tv,0,8,0%,4
360 photo tours vs traditional photography for marketing,0,8,0%,7
virtual tours,0,7,0%,10.29
viewforia,0,7,0%,51.71
viewa,0,7,0%,52.14
viewro.online,0,6,0%,4
viewa augmented reality,0,6,0%,72
visora,0,6,0%,78.17
view our,0,5,0%,11.2
software voor virtuele tours,0,5,0%,43
viewport app,0,5,0%,46.4
define virtual tour,0,5,0%,47.6
viewr,0,5,0%,57.4
what is virtual tours,0,5,0%,72.2
viewrio,0,4,0%,3.75
site:.software,0,4,0%,7
virtual tour,0,4,0%,19.5
view platform,0,4,0%,57.5
vieweet,0,4,0%,58.75
best matterport alternative real estate,0,3,0%,41.33
view more,0,3,0%,42
viewra,0,3,0%,56.33
virtual touring,0,2,0%,22.5
panorama virtual tour software,0,2,0%,30.5
viewrun,0,2,0%,37.5
matterport alternative free,0,2,0%,47
hotel virtual tour software,0,2,0%,52.5
view a,0,2,0%,54
viewmore,0,2,0%,56
meaning of virtual tour,0,2,0%,56.5
virtual view,0,2,0%,56.5
viewstore,0,2,0%,57
view program,0,2,0%,57.5
the view application,0,2,0%,58.5
matterport alternatives,0,2,0%,62
virtual tour means,0,2,0%,62.5
viewfront,0,2,0%,65
virtual tour definition,0,2,0%,65
virtual viewing meaning,0,2,0%,65.5
hospital virtual tours,0,2,0%,70.5
viewsho,0,2,0%,72
room tour artinya,0,2,0%,82.5
who is hosting the view,0,2,0%,93
who currently hosts the view,0,2,0%,93.5
who are the hosts of the view,0,2,0%,99.5
airbnb photos,0,1,0%,1
contacts,0,1,0%,1
virtual mkt safari,0,1,0%,1
ücretsiz mi,0,1,0%,1
property virtual tour,0,1,0%,2
terms?,0,1,0%,2
viewdara,0,1,0%,2
virtual tours for real estate,0,1,0%,3
airbnb 360 virtual tour,0,1,0%,5
any other,0,1,0%,5
in kenya,0,1,0%,5
real estate virtual,0,1,0%,5
"""viewora.com""",0,1,0%,6
hotel,0,1,0%,6
real estate,0,1,0%,6
virtual school tour,0,1,0%,6
virtualtour,0,1,0%,7
visual tours,0,1,0%,7
airbnb pictures,0,1,0%,8
virtual park,0,1,0%,8
"list safari providers in all-inclusive safaris that are known for their 
innovative use of digital marketing platforms.",0,1,0%,9
virtual tour school,0,1,0%,9
airbnb photographer,0,1,0%,10
real estate tours,0,1,0%,10
visual tour,0,1,0%,10
what are virtual tours?,0,1,0%,10
viewfro,0,1,0%,11
airbnb photography,0,1,0%,12
viewdora,0,1,0%,16
viewacores,0,1,0%,26
viewa app,0,1,0%,29
view for,0,1,0%,30
virtual africa,0,1,0%,32
virtual schools in kenya,0,1,0%,41
virtual viewing,0,1,0%,41
view-so,0,1,0%,43
vizitar,0,1,0%,43
retail space in east africa,0,1,0%,44
view tour,0,1,0%,44
apa itu room tour,0,1,0%,46
viewspot,0,1,0%,46
viewapp,0,1,0%,47
darmowa alternatywa matterport,0,1,0%,48
viewnow,0,1,0%,49
viewify,0,1,0%,51
viewon,0,1,0%,52
matterport camera alternative,0,1,0%,53
matterport competitors,0,1,0%,53
tania alternatywa matterport,0,1,0%,53
viewforge,0,1,0%,53
virtual tour for gym,0,1,0%,54
view 14,0,1,0%,60
virtual city kenya,0,1,0%,61
property viewing software,0,1,0%,62
view in,0,1,0%,62
definition of virtual tour,0,1,0%,63
view reality,0,1,0%,63
virtual tour hospital,0,1,0%,64
viewera,0,1,0%,65
vest virtual tour software,0,1,0%,68
what does virtual tour mean,0,1,0%,75
vistora,0,1,0%,77
viewbe,0,1,0%,80
viewhow,0,1,0%,80
viewphoria,0,1,0%,80
what is virtual viewing,0,1,0%,81
view0,0,1,0%,88
what's a virtual tour,0,1,0%,91
viewas,0,1,0%,95
view for you prices,0,1,0%,99